ccam,operatoire
AAFA001,1
AAFA002,1
AAFA003,1
AAFA004,1
AAFA005,1
AAFA006,1
AAFA007,1
AAFA008,1
AAGA001,1
AAGA900,1
AAJA001,1
AAJA002,1
AAJA003,1
AAJA004,1
AAJA005,1
AAJA006,1
AAJH001,1
AAJH002,1
AAJH003,1
AAJH004,1
AAKA001,1
AALA001,1
AALA002,1
AALA004,1
AALA900,1
AALB001,1
AALB002,1
AANB001,1
AAPA001,1
AAPA002,1
AAPA900,1
ABCA001,1
ABCA002,1
ABCA003,1
ABCA004,1
ABCB001,1
ABCC001,1
ABFA001,1
ABFA002,1
ABFA003,1
ABFA004,1
ABFA005,1
ABFA006,1
ABFA007,1
ABFA008,1
ABFA009,1
ABFA010,1
ABFC001,1
ABFC002,1
ABGA001,1
ABGA002,1
ABGA003,1
ABJA001,1
ABJA002,1
ABJA003,1
ABJA004,1
ABJA005,1
ABJA006,1
ABJA007,1
ABJA008,1
ABJC900,1
ABLA001,1
ABLB001,1
ABLB002,1
ABLB003,1
ABLB004,1
ABMA001,1
ABMA002,1
ABMA003,1
ABSA001,1
ABSA002,1
ABSA003,1
ABSA004,1
ABSA005,1
ABSA006,1
ABSA007,1
ABSA008,1
ABSA009,1
ABSA010,1
ABSA011,1
ABSA012,1
ABSE001,1
ACFA001,1
ACFA002,1
ACFA003,1
ACFA004,1
ACFA005,1
ACFA006,1
ACFA007,1
ACFA008,1
ACFA009,1
ACFA010,1
ACFA011,1
ACFA012,1
ACFA013,1
ACFA014,1
ACFA015,1
ACFA016,1
ACFA017,1
ACFA018,1
ACFA019,1
ACFA020,1
ACFA021,1
ACFA022,1
ACFA023,1
ACFA024,1
ACFA025,1
ACFA026,1
ACFA027,1
ACFA028,1
ACFA029,1
ACHA001,1
ACHA002,1
ACHA003,1
ACHB001,1
ACHE001,1
ACHH001,1
ACHJ001,1
ACPA001,1
ACQC001,1
ADCA001,1
ADCA002,1
ADCA003,1
ADCA004,1
ADCA005,1
ADCA006,1
ADCA007,1
ADEA001,1
ADEA002,1
ADEA003,1
ADEA004,1
ADEA005,1
ADFA002,1
ADFA003,1
ADFA004,1
ADFA005,1
ADFA006,1
ADGA001,1
ADKA001,1
ADLA001,1
ADPA001,1
ADPA002,1
ADPA003,1
ADPA004,1
ADPA005,1
ADPA007,1
ADPA008,1
ADPA009,1
ADPA010,1
ADPA011,1
ADPA012,1
ADPA013,1
ADPA014,1
ADPA015,1
ADPA016,1
ADPA017,1
ADPA018,1
ADPA019,1
ADPA020,1
ADPA021,1
ADPA022,1
ADPA023,1
ADPA024,1
ADPC001,1
ADPC002,1
ADPC003,1
ADPC004,1
ADPC900,1
AEFA001,1
AEFA002,1
AEFA003,1
AEGA001,1
AEJA001,1
AEJA002,1
AEJA003,1
AEJA004,1
AEJA005,1
AEKA001,1
AELA001,1
AELA002,1
AELB001,1
AELB002,1
AENA001,1
AEPA001,1
AEPA002,1
AEPA004,1
AEPB001,1
AFCA001,1
AFCA002,1
AFCA003,1
AFCA004,1
AFFA001,1
AFFA002,1
AFFA003,1
AFFA004,1
AFFA005,1
AFFA006,1
AFFA007,1
AFFA008,1
AFFA009,1
AFFA010,1
AFFA011,1
AFGA001,1
AFGA002,1
AFGA003,1
AFJA001,1
AFJA002,1
AFJA003,1
AFJA004,1
AFJA005,1
AFKB001,1
AFKB002,1
AFLA001,1
AFLA002,1
AFLA003,1
AFLB008,1
AFLB009,1
AFPA001,1
AFSA001,1
AFSA002,1
AFSA003,1
AHCA001,1
AHCA002,1
AHCA003,1
AHCA004,1
AHCA005,1
AHCA006,1
AHCA007,1
AHCA008,1
AHCA009,1
AHCA010,1
AHCA011,1
AHCA012,1
AHCA013,1
AHCA014,1
AHCA015,1
AHCA016,1
AHCA017,1
AHCA018,1
AHCA019,1
AHCA020,1
AHCA021,1
AHCA022,1
AHCA023,1
AHEA001,1
AHEA002,1
AHEA003,1
AHEA004,1
AHEA005,1
AHEA006,1
AHEA007,1
AHEA008,1
AHEA009,1
AHEA010,1
AHEA011,1
AHEA012,1
AHEA013,1
AHEA014,1
AHEA015,1
AHEA016,1
AHEA017,1
AHEA018,1
AHFA001,1
AHFA002,1
AHFA003,1
AHFA004,1
AHFA005,1
AHFA007,1
AHFA008,1
AHFA010,1
AHFA011,1
AHFA012,1
AHGA001,1
AHGA002,1
AHHA001,1
AHHA002,1
AHKA001,1
AHKA002,1
AHKA003,1
AHLA001,1
AHLA002,1
AHLA003,1
AHLB018,1
AHPA001,1
AHPA002,1
AHPA003,1
AHPA004,1
AHPA005,1
AHPA006,1
AHPA007,1
AHPA008,1
AHPA009,1
AHPA010,1
AHPA011,1
AHPA012,1
AHPA013,1
AHPA014,1
AHPA015,1
AHPA016,1
AHPA017,1
AHPA018,1
AHPA019,1
AHPA020,1
AHPA021,1
AHPA022,1
AHPA023,1
AHPA024,1
AHPA025,1
AHPA026,1
AHPA027,1
AHPA028,1
AHPC001,1
AJFA001,1
AJFA002,1
AJFA003,1
AJFC001,1
AJFC002,1
AJNA001,1
AJNC001,1
AJNC002,1
ANLB002,1
AZGA001,1
BAAA001,1
BAAA002,1
BABA001,1
BACA001,1
BACA002,1
BACA003,1
BACA005,1
BACA006,1
BACA007,1
BACA008,1
BADA001,1
BADA002,1
BADA003,1
BADA004,1
BADA005,1
BADA006,1
BADA007,1
BAEA001,1
BAEA002,1
BAEA003,1
BAFA001,1
BAFA002,1
BAFA003,1
BAFA004,1
BAFA005,1
BAFA006,1
BAFA007,1
BAFA008,1
BAFA009,1
BAFA010,1
BAFA011,1
BAFA012,1
BAFA013,1
BAFA014,1
BAFA015,1
BAFA016,1
BAFA017,1
BAFA018,1
BAFA019,1
BAGA001,1
BAHA001,1
BALA001,1
BAMA001,1
BAMA002,1
BAMA003,1
BAMA004,1
BAMA005,1
BAMA006,1
BAMA007,1
BAMA008,1
BAMA009,1
BAMA010,1
BAMA011,1
BAMA012,1
BAMA013,1
BAMA014,1
BAMA015,1
BAMA016,1
BAMA017,1
BAMA018,1
BAMA019,1
BAMA020,1
BANP001,1
BANP002,1
BANP003,1
BANP004,1
BANP005,1
BAPA001,1
BAPA003,1
BAPA004,1
BAPA005,1
BASA001,1
BBCA001,1
BBCA002,1
BBCA003,1
BBCE001,1
BBFA001,1
BBFA002,1
BBFA003,1
BBFA004,1
BBGA001,1
BBHA001,1
BBHA002,1
BBJD001,1
BBLA001,1
BBLD001,1
BBLD002,1
BBLD003,1
BBLD004,1
BBMA001,1
BBMA002,1
BBMA003,1
BBMA004,1
BBPA001,1
BBPA002,1
BBPA003,1
BBPB001,1
BBPB002,1
BBSP001,1
BCBP001,1
BCCA001,1
BCFA001,1
BCFA002,1
BCFA003,1
BCFA004,1
BCFA005,1
BCFA006,1
BCFA007,1
BCFA008,1
BCFA009,1
BCHA001,1
BCLA001,1
BCLB001,1
BCMA001,1
BCNP001,1
BCPA001,1
BCPA002,1
BCPA003,1
BCPA004,1
BCPA005,1
BDCA001,1
BDCA002,1
BDCA003,1
BDCA004,1
BDCB001,1
BDEA001,1
BDEA002,1
BDFA001,1
BDFA002,1
BDFA003,1
BDFA004,1
BDFA005,1
BDFL001,1
BDFP001,1
BDFP002,1
BDGA001,1
BDGA002,1
BDGA003,1
BDGA004,1
BDGA005,1
BDGP002,1
BDGP003,1
BDHA001,1
BDHP001,1
BDLA001,1
BDLA002,1
BDLA003,1
BDLA004,1
BDLA005,1
BDMA001,1
BDMA002,1
BDMA003,1
BDMA004,1
BDMA005,1
BDMA006,1
BDMA007,1
BDMA008,1
BDMA900,1
BDNP001,1
BDNP002,1
BDNP003,1
BDPA001,1
BDPA002,1
BECA001,1
BEEA001,1
BEEA002,1
BEFA001,1
BEFA002,1
BEFA003,1
BEFA004,1
BEFA005,1
BEFA006,1
BEFA007,1
BEFA008,1
BEFA009,1
BEGA002,1
BEGA003,1
BEGA004,1
BEHA001,1
BEHB001,1
BEJB001,1
BEJB002,1
BEJB004,1
BELA002,1
BELB001,1
BEMA001,1
BEMA002,1
BEMA003,1
BEMA004,1
BEMA005,1
BEMA006,1
BEMA008,1
BEMP001,1
BENA001,1
BENA002,1
BENP001,1
BEPA001,1
BEPA002,1
BEPA003,1
BEPA004,1
BEPB001,1
BEPP001,1
BEPP002,1
BESA001,1
BFEA001,1
BFGA001,1
BFGA002,1
BFGA003,1
BFGA004,1
BFGA005,1
BFGA006,1
BFGA007,1
BFGA008,1
BFGA009,1
BFGA010,1
BFKA001,1
BFLA001,1
BFLA003,1
BFLA004,1
BFPA001,1
BFPA002,1
BFPP001,1
BGBA001,1
BGCA002,1
BGDA001,1
BGDA002,1
BGDA003,1
BGDA004,1
BGDA005,1
BGDA006,1
BGDA007,1
BGDA008,1
BGFA001,1
BGFA002,1
BGFA003,1
BGFA004,1
BGFA005,1
BGFA006,1
BGFA007,1
BGFA009,1
BGFA010,1
BGFA011,1
BGFA012,1
BGFA014,1
BGFA900,1
BGGA001,1
BGGA002,1
BGGA003,1
BGGA004,1
BGGA005,1
BGHA002,1
BGHB001,1
BGHB002,1
BGHB003,1
BGJA001,1
BGJA002,1
BGJB001,1
BGLB001,1
BGLB002,1
BGLP001,1
BGMA001,1
BGMA002,1
BGMA003,1
BGMA900,1
BGMA901,1
BGNA001,1
BGNP005,1
BGPA001,1
BGPA002,1
BGPA003,1
BGPP001,1
BGQP005,1
BGRF001,1
BGSA002,1
BHGA001,1
BHGA002,1
BHGA003,1
BHGA004,1
BHGA005,1
BHGA006,1
BHGA007,1
BHGA008,1
BHJB001,1
BHMA001,1
BHMA002,1
BHMA003,1
BHNL001,1
BJCA001,1
BJDA001,1
BJDA002,1
BJEA001,1
BJEA002,1
BJMA001,1
BJMA002,1
BJMA003,1
BJMA004,1
BJMA005,1
BJMA006,1
BJMA007,1
BJMA008,1
BJMA009,1
BKBA001,1
BKCP001,1
BKFA001,1
BKFA002,1
BKFA003,1
BKFA004,1
BKGA001,1
BKGA002,1
BKGA003,1
BKGA004,1
BKGA005,1
BKGA006,1
BKGA007,1
BKGA008,1
BKHA002,1
BKHA003,1
BKJA001,1
BKKP003,1
BKLA001,1
BKLA002,1
BKLA003,1
BKMA001,1
BKMA002,1
BKMA003,1
BKMA004,1
CAEA001,1
CAEA002,1
CAEA003,1
CAFA001,1
CAFA002,1
CAFA003,1
CAFA004,1
CAFA005,1
CAFA006,1
CAFA007,1
CAFA008,1
CAFA009,1
CAFA010,1
CAFA011,1
CAMA001,1
CAMA002,1
CAMA003,1
CAMA004,1
CAMA005,1
CAMA006,1
CAMA007,1
CAMA008,1
CAMA009,1
CAMA010,1
CAMA011,1
CAMA012,1
CAMA013,1
CAMA014,1
CAMA015,1
CAMA016,1
CAMA017,1
CAMA018,1
CAMA019,1
CAMA020,1
CAMA021,1
CAMA022,1
CASA001,1
CASA002,1
CBCA001,1
CBFA001,1
CBFA002,1
CBFA003,1
CBFA004,1
CBFA005,1
CBFA006,1
CBFA007,1
CBFA008,1
CBFA009,1
CBFA010,1
CBFA011,1
CBFA012,1
CBFA013,1
CBGA001,1
CBGA002,1
CBGA003,1
CBKA001,1
CBLA001,1
CBLA002,1
CBLD001,1
CBLD003,1
CBMA001,1
CBMA002,1
CBMA003,1
CBMA004,1
CBMA005,1
CBMA006,1
CBMA007,1
CBMA008,1
CBMA009,1
CBMA010,1
CBMA011,1
CBMD001,1
CBMD002,1
CBMD003,1
CBPA001,1
CBPA002,1
CBPA003,1
CBQA001,1
CCCA001,1
CCCA002,1
CCFA001,1
CCFB001,1
CCGA001,1
CCLA001,1
CCLA002,1
CCLA003,1
CCNB001,1
CCPA001,1
CCPA002,1
CCPA003,1
CCRA001,1
CCRD001,1
CCSA001,1
CDGA001,1
CDLA002,1
CDLA003,1
CDLA004,1
CEQP006,1
DAAA001,1
DAAA002,1
DAAA003,1
DABA001,1
DACA001,1
DAFA001,1
DAFA002,1
DAFA003,1
DAFA005,1
DAFA006,1
DAFA007,1
DAFA008,1
DAFA009,1
DAFA010,1
DAGA001,1
DAGA002,1
DAMA001,1
DAMA002,1
DAMA003,1
DAMA004,1
DAMA005,1
DAMA006,1
DAMA007,1
DAMA900,1
DAMA901,1
DAMC001,1
DAPA001,1
DAPC001,1
DASA001,1
DASA002,1
DASA003,1
DASA004,1
DASA006,1
DASA007,1
DASA008,1
DASA009,1
DASA010,1
DASA011,1
DASA012,1
DASA013,1
DASA014,1
DBEA001,1
DBFA001,1
DBFA002,1
DBKA001,1
DBKA002,1
DBKA003,1
DBKA004,1
DBKA005,1
DBKA006,1
DBKA007,1
DBKA008,1
DBKA009,1
DBKA010,1
DBKA011,1
DBKA012,1
DBLA001,1
DBLA002,1
DBLA003,1
DBLA004,1
DBMA001,1
DBMA002,1
DBMA003,1
DBMA004,1
DBMA005,1
DBMA006,1
DBMA007,1
DBMA008,1
DBMA009,1
DBMA010,1
DBMA011,1
DBMA012,1
DBMA013,1
DBMA015,1
DBPA001,1
DBPA002,1
DBPA003,1
DBPA004,1
DBPA005,1
DBPA006,1
DBPA007,1
DCFA001,1
DCJA001,1
DCMA001,1
DCMC001,1
DDAA002,1
DDEA001,1
DDMA001,1
DDMA002,1
DDMA003,1
DDMA004,1
DDMA005,1
DDMA006,1
DDMA007,1
DDMA008,1
DDMA009,1
DDMA010,1
DDMA011,1
DDMA012,1
DDMA013,1
DDMA014,1
DDMA015,1
DDMA016,1
DDMA017,1
DDMA018,1
DDMA019,1
DDMA020,1
DDMA021,1
DDMA022,1
DDMA023,1
DDMA024,1
DDMA025,1
DDMA026,1
DDMA027,1
DDMA028,1
DDMA029,1
DDMA030,1
DDMA031,1
DDMA032,1
DDMA033,1
DDMA034,1
DDMA035,1
DDMA036,1
DDMA037,1
DDMA038,1
DDSA001,1
DDSA002,1
DEEA001,1
DEFA001,1
DEFA002,1
DEGA002,1
DEGA003,1
DEKA001,1
DEKA002,1
DEKF001,1
DEKF002,1
DEKF003,1
DEKF004,1
DEKF005,1
DELA001,1
DELA003,1
DELA004,1
DELA006,1
DELA007,1
DELF001,1
DELF002,1
DELF004,1
DELF005,1
DELF007,1
DELF008,1
DELF009,1
DELF010,1
DELF012,1
DELF013,1
DELF014,1
DELF015,1
DELF016,1
DELF020,1
DELF900,1
DELF901,1
DELF902,1
DELF903,1
DELF904,1
DELF905,1
DFAA002,1
DFAA003,1
DFAA004,1
DFAA005,1
DFBA001,1
DFCA001,1
DFCA002,1
DFCA003,1
DFCA004,1
DFCA005,1
DFCA006,1
DFCA007,1
DFCA008,1
DFCA009,1
DFCA010,1
DFEA001,1
DFFA001,1
DFFA002,1
DFFA003,1
DFFA004,1
DFFA005,1
DFGA001,1
DFGA002,1
DFGA003,1
DFGA004,1
DFMA001,1
DFMA002,1
DFMA003,1
DFMA004,1
DFMA005,1
DFMA006,1
DFMA007,1
DFMA008,1
DFMA009,1
DFMA010,1
DFMA011,1
DFMA012,1
DFSA001,1
DFSA002,1
DGAA002,1
DGAA003,1
DGAA004,1
DGAA005,1
DGAA006,1
DGCA001,1
DGCA002,1
DGCA003,1
DGCA004,1
DGCA005,1
DGCA006,1
DGCA007,1
DGCA008,1
DGCA009,1
DGCA010,1
DGCA011,1
DGCA012,1
DGCA013,1
DGCA014,1
DGCA015,1
DGCA016,1
DGCA017,1
DGCA018,1
DGCA019,1
DGCA020,1
DGCA021,1
DGCA022,1
DGCA023,1
DGCA024,1
DGCA025,1
DGCA026,1
DGCA027,1
DGCA028,1
DGCA029,1
DGCA030,1
DGCA031,1
DGCA032,1
DGDA001,1
DGFA001,1
DGFA002,1
DGFA003,1
DGFA004,1
DGFA005,1
DGFA007,1
DGFA008,1
DGFA009,1
DGFA010,1
DGFA011,1
DGFA012,1
DGFA013,1
DGFA014,1
DGFA015,1
DGFA016,1
DGFA017,1
DGFA018,1
DGFA019,1
DGFA020,1
DGGA001,1
DGGA002,1
DGGA003,1
DGGA004,1
DGKA001,1
DGKA002,1
DGKA003,1
DGKA004,1
DGKA005,1
DGKA006,1
DGKA007,1
DGKA008,1
DGKA009,1
DGKA010,1
DGKA011,1
DGKA012,1
DGKA013,1
DGKA014,1
DGKA015,1
DGKA016,1
DGKA017,1
DGKA018,1
DGKA019,1
DGKA020,1
DGKA021,1
DGKA022,1
DGKA023,1
DGKA024,1
DGKA025,1
DGKA026,1
DGKA027,1
DGKA028,1
DGKA029,1
DGLA002,1
DGMA001,1
DGMA002,1
DGMA003,1
DGMA005,1
DGMA006,1
DGMA007,1
DGMA008,1
DGMA009,1
DGMA010,1
DGMA011,1
DGMA012,1
DGMA013,1
DGPA001,1
DGPA005,1
DGPA008,1
DGPA010,1
DGPA012,1
DGPA013,1
DGPA014,1
DGPA016,1
DGPA017,1
DGPA018,1
DGSA001,1
DGSA002,1
DGSA003,1
DGSA004,1
DGSA005,1
DHCA001,1
DHCA002,1
DHCA003,1
DHCA004,1
DHFA001,1
DHFA002,1
DHFA003,1
DHFA004,1
DHFA005,1
DHFA006,1
DHFA007,1
DHGA001,1
DHGA002,1
DHPA001,1
DHSA001,1
DHSA002,1
DZEA001,1
DZEA002,1
DZEA003,1
DZEA004,1
DZFA004,1
DZMA001,1
DZMA002,1
DZMA003,1
DZMA004,1
DZMA005,1
DZMA006,1
DZMA007,1
DZMA009,1
DZMA010,1
DZMA011,1
DZMA012,1
DZSA001,1
DZSA002,1
EABA001,1
EACA001,1
EACA002,1
EACA003,1
EACA004,1
EACA005,1
EACA006,1
EACA007,1
EAFA001,1
EAFA002,1
EAFA003,1
EAFA004,1
EAFA005,1
EAFA006,1
EAFA007,1
EAFA008,1
EAFA009,1
EASA001,1
EASA002,1
EBAA002,1
EBCA001,1
EBCA002,1
EBCA003,1
EBCA004,1
EBCA005,1
EBCA006,1
EBCA007,1
EBCA008,1
EBCA009,1
EBCA010,1
EBCA011,1
EBCA012,1
EBCA013,1
EBCA014,1
EBCA015,1
EBCA016,1
EBCA017,1
EBEA001,1
EBEA002,1
EBEA003,1
EBEA004,1
EBEA005,1
EBFA001,1
EBFA002,1
EBFA003,1
EBFA004,1
EBFA005,1
EBFA006,1
EBFA007,1
EBFA008,1
EBFA009,1
EBFA010,1
EBFA011,1
EBFA012,1
EBFA013,1
EBFA014,1
EBFA015,1
EBFA016,1
EBFA017,1
EBFA018,1
EBFA019,1
EBFA020,1
EBFA021,1
EBKA001,1
EBKA002,1
EBKA003,1
EBKA004,1
EBLA001,1
EBMA001,1
EBPA003,1
EBSA001,1
EBSA002,1
EBSA003,1
EBSA004,1
EBSA005,1
EBSA006,1
EBSA007,1
EBSA008,1
EBSA009,1
EBSA010,1
EBSA011,1
EBSA012,1
ECCA001,1
ECCA002,1
ECCA003,1
ECCA004,1
ECCA005,1
ECCA006,1
ECCA007,1
ECCA009,1
ECCA010,1
ECFA001,1
ECFA002,1
ECFA003,1
ECFA004,1
ECFA005,1
ECFA006,1
ECKA001,1
ECKA002,1
ECMA001,1
ECPA003,1
ECSA001,1
ECSA002,1
ECSA003,1
EDAA002,1
EDCA001,1
EDCA002,1
EDCA003,1
EDCA004,1
EDCA005,1
EDCC015,1
EDEA001,1
EDEA004,1
EDEA005,1
EDFA001,1
EDFA002,1
EDFA003,1
EDFA004,1
EDFA005,1
EDFA006,1
EDFA007,1
EDFA008,1
EDFA009,1
EDFA010,1
EDKA002,1
EDKA003,1
EDLA001,1
EDMA001,1
EDMA002,1
EDMA003,1
EDMA004,1
EDPA001,1
EDPA002,1
EDPA005,1
EDSA001,1
EDSA002,1
EDSA003,1
EEAA002,1
EECA001,1
EECA002,1
EECA003,1
EECA005,1
EECA006,1
EECA007,1
EECA008,1
EECA009,1
EECA010,1
EECA011,1
EECA012,1
EECA013,1
EEFA001,1
EEFA002,1
EEFA003,1
EEFA004,1
EEFA005,1
EEFA006,1
EEGA001,1
EEGA002,1
EEKA001,1
EEMA001,1
EESA001,1
EFCA001,1
EFCA002,1
EFFA001,1
EFFA002,1
EFSA001,1
EGCA002,1
EGCA003,1
EGCA004,1
EGED001,1
EGFA001,1
EGFA002,1
EGFA003,1
EGFA004,1
EGFA005,1
EGFA006,1
EGFA007,1
EGFA008,1
EGFA009,1
EGFA010,1
EGFC001,1
EGJA001,1
EGPA001,1
EGSA001,1
EGSA002,1
EHAA001,1
EHCA001,1
EHCA002,1
EHCA003,1
EHCA004,1
EHCA005,1
EHCA006,1
EHCA007,1
EHCA008,1
EHCA009,1
EHCA010,1
EHFA001,1
EHLA001,1
EJBA001,1
EJCA001,1
EJCA002,1
EJCA003,1
EJEA001,1
EJFA002,1
EJFA004,1
EJFA006,1
EJFA007,1
EJFA008,1
EJFA009,1
EJGA001,1
EJGA002,1
EJGA003,1
EJMA900,1
EJMA901,1
EJSA001,1
EJSA002,1
EJSA003,1
EJSC001,1
EKLA001,1
EKSA001,1
EKSA002,1
ELCA003,1
ELCA004,1
ELGA001,1
ELSA001,1
ELSA002,1
ELSC001,1
EMLA001,1
EMPA001,1
EMSA001,1
EMSA002,1
ENCA001,1
ENFA001,1
ENFA004,1
ENFA005,1
ENFA006,1
ENFA007,1
EPCA001,1
EPCA002,1
EPFA001,1
EPFA004,1
EPFA005,1
EPLA002,1
EPMA001,1
EPMA002,1
EQGA002,1
EQGA003,1
EQGA004,1
EQKA002,1
EQKA003,1
EQLA001,1
EQLA002,1
EQLA003,1
EQLA004,1
EQLA005,1
EQLA006,1
EQLA007,1
EQLA008,1
EQLA009,1
EQLA010,1
EQLA011,1
EZBA001,1
EZBA002,1
EZBA003,1
EZCA002,1
EZCA003,1
EZCA004,1
EZFA001,1
EZFA002,1
EZFA003,1
EZFA004,1
EZLA002,1
EZMA001,1
EZMA002,1
EZMA003,1
EZMA004,1
EZPA001,1
EZQA001,1
EZSA001,1
EZSA002,1
EZSA003,1
EZSA004,1
EZSA005,1
FAFA001,1
FAFA002,1
FAFA003,1
FAFA004,1
FAFA005,1
FAFA006,1
FAFA007,1
FAFA008,1
FAFA009,1
FAFA010,1
FAFA011,1
FAFA012,1
FAFA013,1
FAFA014,1
FAFA015,1
FASD001,1
FBFA001,1
FBFA002,1
FBFA003,1
FBFA900,1
FBFC001,1
FBFC900,1
FCCA001,1
FCFA001,1
FCFA002,1
FCFA003,1
FCFA004,1
FCFA005,1
FCFA006,1
FCFA007,1
FCFA008,1
FCFA009,1
FCFA010,1
FCFA011,1
FCFA012,1
FCFA013,1
FCFA014,1
FCFA015,1
FCFA016,1
FCFA018,1
FCFA019,1
FCFA020,1
FCFA021,1
FCFA022,1
FCFA023,1
FCFA024,1
FCFA025,1
FCFA026,1
FCFA027,1
FCFA028,1
FCFA029,1
FCFC001,1
FCFC002,1
FCFC003,1
FCFC004,1
FCFC005,1
FCPA001,1
FCSA001,1
FCSA002,1
FCSC001,1
FFFA001,1
FFFA002,1
FFFC001,1
FFJA001,1
FFJC001,1
FFSA001,1
GAEA001,1
GAEA002,1
GAFA001,1
GAFA002,1
GAFA003,1
GAFA004,1
GAFA005,1
GAFA006,1
GAFA007,1
GAFA008,1
GAFA009,1
GAFA010,1
GAFA011,1
GAMA001,1
GAMA002,1
GAMA003,1
GAMA004,1
GAMA005,1
GAMA006,1
GAMA007,1
GAMA008,1
GAMA009,1
GAMA010,1
GAMA011,1
GAMA012,1
GAMA013,1
GAMA014,1
GAMA015,1
GAMA016,1
GAMA017,1
GAMA018,1
GAMA019,1
GAMA020,1
GAMA021,1
GAMA022,1
GAMA023,1
GAMA024,1
GAMA025,1
GAMA026,1
GAME001,1
GAME002,1
GASA001,1
GBBA001,1
GBBA002,1
GBCA001,1
GBFA001,1
GBFA002,1
GBFA003,1
GBFA004,1
GBFA005,1
GBFA006,1
GBFA007,1
GBFA008,1
GBFE007,1
GBFE012,1
GBGD001,1
GBJA001,1
GBJA002,1
GBJC001,1
GBJD002,1
GBJE002,1
GBPA001,1
GBPA002,1
GBPA003,1
GBPA004,1
GBPE001,1
GBPE002,1
GBPE003,1
GCFA001,1
GCFA002,1
GCFA003,1
GCFA004,1
GCFA005,1
GCFA006,1
GCFA007,1
GCFD001,1
GCFD002,1
GCMA001,1
GCME001,1
GCME002,1
GCME003,1
GCME004,1
GDCA001,1
GDCA002,1
GDEA001,1
GDFA001,1
GDFA002,1
GDFA003,1
GDFA004,1
GDFA005,1
GDFA006,1
GDFA007,1
GDFA008,1
GDFA009,1
GDFA010,1
GDFA011,1
GDFA012,1
GDFA013,1
GDFA014,1
GDFA015,1
GDFA016,1
GDFA017,1
GDFA018,1
GDMA001,1
GDMA002,1
GDMA003,1
GDSA001,1
GDSA002,1
GDSA003,1
GDSA004,1
GECA001,1
GECA002,1
GECA003,1
GEFA001,1
GEFA002,1
GEFA003,1
GEFA004,1
GEFA005,1
GEFA006,1
GEFA007,1
GEFA008,1
GEFA009,1
GEFA010,1
GEFA011,1
GEFA012,1
GEFA013,1
GEGA001,1
GEKA001,1
GELA001,1
GEMA001,1
GEMA002,1
GEME001,1
GESA001,1
GESA002,1
GESA003,1
GFBA001,1
GFBA002,1
GFBA003,1
GFBA004,1
GFBC001,1
GFCA001,1
GFCC001,1
GFEA001,1
GFEA002,1
GFEA003,1
GFEA004,1
GFEA005,1
GFEA006,1
GFEA007,1
GFFA001,1
GFFA002,1
GFFA003,1
GFFA004,1
GFFA005,1
GFFA006,1
GFFA007,1
GFFA008,1
GFFA009,1
GFFA010,1
GFFA011,1
GFFA012,1
GFFA013,1
GFFA014,1
GFFA015,1
GFFA016,1
GFFA017,1
GFFA018,1
GFFA019,1
GFFA021,1
GFFA022,1
GFFA023,1
GFFA024,1
GFFA025,1
GFFA026,1
GFFA027,1
GFFA028,1
GFFA029,1
GFFA030,1
GFFA031,1
GFFA032,1
GFFA033,1
GFFA034,1
GFFA035,1
GFFC001,1
GFFC002,1
GFFC003,1
GFFC004,1
GFFC005,1
GFFC006,1
GGCA001,1
GGFA001,1
GGFA003,1
GGJA001,1
GGJA002,1
GGJA003,1
GGJA004,1
GGJC001,1
GGJC002,1
GGLC001,1
GGNA001,1
GGNC001,1
GGPA001,1
GGPA002,1
GHFA001,1
GHFA002,1
GHFA003,1
GHFA004,1
GHJA001,1
GHJA002,1
GHQA001,1
GHQC001,1
HAAA001,1
HAAA002,1
HAAA003,1
HABA001,1
HACA001,1
HACA002,1
HADA001,1
HADA002,1
HAFA001,1
HAFA002,1
HAFA003,1
HAFA004,1
HAFA005,1
HAFA006,1
HAFA007,1
HAFA008,1
HAFA009,1
HAFA010,1
HAFA011,1
HAFA012,1
HAFA013,1
HAFA014,1
HAFA016,1
HAFA017,1
HAFA018,1
HAFA020,1
HAFA021,1
HAFA022,1
HAFA023,1
HAFA024,1
HAFA025,1
HAFA026,1
HAFA027,1
HAFA028,1
HAFA029,1
HAFA030,1
HAFA031,1
HAFA033,1
HAFA034,1
HAJA002,1
HAJA008,1
HAJA009,1
HAJD004,1
HAJD005,1
HAJD006,1
HAMA001,1
HAMA002,1
HAMA003,1
HAMA004,1
HAMA005,1
HAMA006,1
HAMA007,1
HAMA008,1
HAMA009,1
HAMA010,1
HAMA011,1
HAMA012,1
HAMA014,1
HAMA015,1
HAMA016,1
HAMA017,1
HAMA018,1
HAMA020,1
HAMA021,1
HAMA022,1
HAMA023,1
HAMA024,1
HAMA025,1
HAMA026,1
HAMA027,1
HAMA028,1
HAMA029,1
HAMA030,1
HAND001,1
HAND002,1
HAND003,1
HAPA001,1
HAPA004,1
HASA001,1
HASA002,1
HASA003,1
HASA004,1
HASA005,1
HASA006,1
HASA007,1
HASA008,1
HASA009,1
HASA010,1
HASA011,1
HASA012,1
HASA013,1
HASA014,1
HASA015,1
HASA016,1
HASA017,1
HASA018,1
HASA019,1
HASA020,1
HASA021,1
HASA022,1
HASA023,1
HASA024,1
HASA025,1
HASD001,1
HASD002,1
HASD004,1
HASD005,1
HASD006,1
HASD007,1
HASD008,1
HBBA002,1
HBBA003,1
HBBA004,1
HBFA012,1
HBFA013,1
HBFD026,1
HBFD031,1
HCCA001,1
HCCA002,1
HCCD001,1
HCEA001,1
HCFA001,1
HCFA002,1
HCFA003,1
HCFA004,1
HCFA005,1
HCFA006,1
HCFA007,1
HCFA008,1
HCFA009,1
HCFA010,1
HCFA011,1
HCFA012,1
HCFA013,1
HCGA002,1
HCPA001,1
HCSA001,1
HDAA002,1
HDAA003,1
HDCA001,1
HDCA002,1
HDFA001,1
HDFA002,1
HDFA003,1
HDFA004,1
HDFA005,1
HDFA006,1
HDFA007,1
HDFA008,1
HDFA009,1
HDFA010,1
HDFA011,1
HDFA012,1
HDFA013,1
HDFA014,1
HDFA015,1
HDFA016,1
HDFA017,1
HDFA018,1
HDFA019,1
HDFA020,1
HDFA021,1
HDFA022,1
HDGA001,1
HDJA001,1
HDJD001,1
HDJD002,1
HDMA001,1
HDMA002,1
HDMA003,1
HDMA004,1
HDMA005,1
HDMA006,1
HDMA007,1
HDMA008,1
HDMA009,1
HDMA010,1
HDPA001,1
HDSD002,1
HECA001,1
HECA002,1
HECA003,1
HECA004,1
HECA005,1
HECC001,1
HEDA001,1
HEFA001,1
HEFA002,1
HEFA003,1
HEFA004,1
HEFA005,1
HEFA006,1
HEFA007,1
HEFA008,1
HEFA009,1
HEFA010,1
HEFA011,1
HEFA012,1
HEFA013,1
HEFA014,1
HEFA015,1
HEFA016,1
HEFA017,1
HEFA018,1
HEFA019,1
HEFA020,1
HEFA021,1
HEFA022,1
HEFC001,1
HEFC002,1
HEFC003,1
HEMA001,1
HEMA002,1
HEMA003,1
HEMA004,1
HEMA005,1
HEMA006,1
HEMA007,1
HEMA008,1
HEMA009,1
HEME002,1
HEPA001,1
HEPA002,1
HEPA003,1
HEPA004,1
HEPA005,1
HEPA006,1
HEPA007,1
HEPC001,1
HEPC002,1
HEPC003,1
HEPC004,1
HESA001,1
HESA002,1
HESA003,1
HESA004,1
HESA005,1
HESA006,1
HESA007,1
HESA008,1
HESA009,1
HESA010,1
HFAD001,1
HFCA001,1
HFCA002,1
HFCA003,1
HFCA004,1
HFCC001,1
HFCC002,1
HFCC003,1
HFCC022,1
HFDA001,1
HFDA002,1
HFDC001,1
HFDC002,1
HFFA001,1
HFFA002,1
HFFA003,1
HFFA004,1
HFFA005,1
HFFA006,1
HFFA007,1
HFFA008,1
HFFA009,1
HFFA010,1
HFFA011,1
HFFC001,1
HFFC002,1
HFFC003,1
HFFC004,1
HFFC012,1
HFFC017,1
HFFC018,1
HFGC900,1
HFKA001,1
HFKA002,1
HFKC001,1
HFLC900,1
HFMA001,1
HFMA002,1
HFMA003,1
HFMA004,1
HFMA005,1
HFMA006,1
HFMA007,1
HFMA008,1
HFMA009,1
HFMA010,1
HFMA011,1
HFMC001,1
HFMC002,1
HFMC003,1
HFMC004,1
HFMC005,1
HFMC006,1
HFMC007,1
HFMC008,1
HFPA001,1
HFPA002,1
HFPA003,1
HFPC001,1
HFSA001,1
HGAA002,1
HGAA003,1
HGAC010,1
HGCA001,1
HGCA002,1
HGCA003,1
HGCA005,1
HGCA006,1
HGCA007,1
HGCA008,1
HGCA009,1
HGCC003,1
HGCC015,1
HGCC026,1
HGCC027,1
HGEA001,1
HGEA002,1
HGEA003,1
HGEA004,1
HGEA005,1
HGEC001,1
HGEC009,1
HGFA001,1
HGFA003,1
HGFA004,1
HGFA005,1
HGFA006,1
HGFA007,1
HGFA008,1
HGFA009,1
HGFA010,1
HGFA011,1
HGFA012,1
HGFA013,1
HGFA014,1
HGFC001,1
HGFC002,1
HGFC014,1
HGFC016,1
HGFC021,1
HGLA001,1
HGMA001,1
HGMA002,1
HGMA004,1
HGMA005,1
HGMA006,1
HGPA001,1
HGPA002,1
HGPA003,1
HGPA004,1
HGPA005,1
HGPA006,1
HGPC005,1
HGPC006,1
HGPC015,1
HGSA001,1
HHAA002,1
HHCA001,1
HHCA002,1
HHCA003,1
HHCC001,1
HHCC007,1
HHCC011,1
HHFA001,1
HHFA002,1
HHFA003,1
HHFA004,1
HHFA005,1
HHFA006,1
HHFA008,1
HHFA009,1
HHFA010,1
HHFA011,1
HHFA014,1
HHFA016,1
HHFA017,1
HHFA018,1
HHFA020,1
HHFA021,1
HHFA022,1
HHFA023,1
HHFA024,1
HHFA025,1
HHFA026,1
HHFA027,1
HHFA028,1
HHFA029,1
HHFA030,1
HHFA031,1
HHFC001,1
HHMA001,1
HHMA002,1
HHMA003,1
HHMC001,1
HHMC005,1
HHPA001,1
HHPA002,1
HHPC001,1
HHPC002,1
HHSA001,1
HJBA001,1
HJCA001,1
HJCC001,1
HJCD001,1
HJCD002,1
HJDA001,1
HJDC001,1
HJEA001,1
HJEA002,1
HJEA003,1
HJEA004,1
HJFA001,1
HJFA002,1
HJFA003,1
HJFA004,1
HJFA005,1
HJFA006,1
HJFA007,1
HJFA008,1
HJFA009,1
HJFA010,1
HJFA011,1
HJFA012,1
HJFA013,1
HJFA014,1
HJFA015,1
HJFA016,1
HJFA017,1
HJFA018,1
HJFA019,1
HJFA020,1
HJFA021,1
HJFA022,1
HJFA023,1
HJFA024,1
HJFA025,1
HJFC001,1
HJFC002,1
HJFC003,1
HJFC023,1
HJFC031,1
HJFD001,1
HJFD002,1
HJFD003,1
HJFD004,1
HJFD005,1
HJJA001,1
HJMA001,1
HJMA002,1
HJND001,1
HJPA001,1
HJSA001,1
HJSD001,1
HKCA001,1
HKCA002,1
HKCA003,1
HKCA004,1
HKCA005,1
HKEA001,1
HKFA001,1
HKFA002,1
HKFA003,1
HKFA004,1
HKFA005,1
HKFA006,1
HKFA007,1
HKFA008,1
HKFA009,1
HKFD001,1
HKGA001,1
HKKA001,1
HKLA001,1
HKLA002,1
HKMA001,1
HKMA002,1
HKMA003,1
HKMA004,1
HKMA005,1
HKMA006,1
HKND001,1
HKPA001,1
HKPA002,1
HKPA003,1
HKPA004,1
HKPA005,1
HKPA006,1
HKPA007,1
HKPA008,1
HKPA009,1
HKSD001,1
HLCA001,1
HLCA002,1
HLCC001,1
HLEA001,1
HLEA002,1
HLFA002,1
HLFA003,1
HLFA004,1
HLFA005,1
HLFA006,1
HLFA007,1
HLFA009,1
HLFA010,1
HLFA011,1
HLFA012,1
HLFA013,1
HLFA014,1
HLFA015,1
HLFA017,1
HLFA018,1
HLFA019,1
HLFA020,1
HLFC001,1
HLFC002,1
HLFC003,1
HLFC004,1
HLFC027,1
HLFC032,1
HLFC037,1
HLJA001,1
HLJC001,1
HLNA007,1
HLNC003,1
HLSA001,1
HLSC012,1
HMCA001,1
HMCA002,1
HMCA003,1
HMCA004,1
HMCA005,1
HMCA006,1
HMCA007,1
HMCA008,1
HMCA009,1
HMCA010,1
HMCA011,1
HMCC001,1
HMCC002,1
HMCC003,1
HMCC013,1
HMFA001,1
HMFA002,1
HMFA003,1
HMFA004,1
HMFA005,1
HMFA006,1
HMFA007,1
HMFA008,1
HMFA009,1
HMFA010,1
HMFC001,1
HMFC002,1
HMFC003,1
HMFC004,1
HMFC005,1
HMGA001,1
HMGC001,1
HMLA001,1
HMLC001,1
HNCA001,1
HNCA002,1
HNCA003,1
HNCA004,1
HNCA005,1
HNCA006,1
HNCA007,1
HNCA008,1
HNCC021,1
HNCC033,1
HNEA001,1
HNEA002,1
HNEA900,1
HNFA001,1
HNFA002,1
HNFA004,1
HNFA005,1
HNFA006,1
HNFA007,1
HNFA008,1
HNFA010,1
HNFA011,1
HNFA012,1
HNFA013,1
HNFC001,1
HNFC002,1
HNFC027,1
HNFC028,1
HNJA001,1
HNJC001,1
HPBA001,1
HPCA001,1
HPEA001,1
HPFA001,1
HPFA003,1
HPFA004,1
HPFC001,1
HPFC002,1
HPFC007,1
HPGA001,1
HPGA002,1
HPKA001,1
HPKA002,1
HPKC014,1
HPLA001,1
HPLA002,1
HPLA003,1
HPLA005,1
HPLC035,1
HPMA002,1
HPMA003,1
HPNA001,1
HPNC001,1
HPPA001,1
HPPA002,1
HPPA003,1
HPPC001,1
HPPC002,1
HPPC003,1
HPQC001,1
HPSA001,1
HPSC001,1
JACA001,1
JACA002,1
JADA001,1
JAEA002,1
JAEA003,1
JAFA001,1
JAFA002,1
JAFA003,1
JAFA004,1
JAFA005,1
JAFA006,1
JAFA007,1
JAFA008,1
JAFA009,1
JAFA010,1
JAFA011,1
JAFA012,1
JAFA013,1
JAFA014,1
JAFA015,1
JAFA016,1
JAFA019,1
JAFA021,1
JAFA022,1
JAFA023,1
JAFA024,1
JAFA025,1
JAFA026,1
JAFA027,1
JAFA028,1
JAFA029,1
JAFA030,1
JAFA031,1
JAFA032,1
JAFC001,1
JAFC002,1
JAFC003,1
JAFC004,1
JAFC005,1
JAFC006,1
JAFC007,1
JAFC008,1
JAGA001,1
JAGA002,1
JAGA003,1
JAGA004,1
JAGA005,1
JAGA006,1
JAGC001,1
JAGD002,1
JAGF001,1
JAGF002,1
JAGF003,1
JAHA001,1
JAHC001,1
JAMA002,1
JANE001,1
JANH001,1
JANH002,1
JANJ002,1
JAPA001,1
JAPC018,1
JASA001,1
JBCA001,1
JBFA001,1
JBFA002,1
JBFC001,1
JBFE001,1
JBMA001,1
JBMC001,1
JBPE001,1
JBPE002,1
JBPG001,1
JBPH001,1
JCAD001,1
JCAE001,1
JCAF001,1
JCAH001,1
JCCA001,1
JCCA002,1
JCCA003,1
JCCA005,1
JCCA006,1
JCCA007,1
JCCA008,1
JCCA009,1
JCCA010,1
JCCA011,1
JCCA012,1
JCCA013,1
JCCA014,1
JCCB001,1
JCCC001,1
JCCC002,1
JCCC003,1
JCEA001,1
JCEA002,1
JCEA003,1
JCEA004,1
JCEA005,1
JCEC006,1
JCEC011,1
JCEE001,1
JCFA001,1
JCFA002,1
JCFA003,1
JCFA004,1
JCFA005,1
JCFA006,1
JCFA007,1
JCFA008,1
JCFA009,1
JCFA010,1
JCFC001,1
JCFE001,1
JCFE002,1
JCFE003,1
JCFF001,1
JCGA001,1
JCGA002,1
JCGA003,1
JCGC001,1
JCGC002,1
JCGC003,1
JCGE001,1
JCGE002,1
JCGE005,1
JCGE006,1
JCGG001,1
JCGH001,1
JCGH004,1
JCGH005,1
JCKA001,1
JCKA002,1
JCKE002,1
JCKH001,1
JCLD001,1
JCLE001,1
JCLE002,1
JCLE004,1
JCMA001,1
JCMA002,1
JCMA003,1
JCMA004,1
JCMA005,1
JCNE001,1
JCNE002,1
JCNE003,1
JCNE004,1
JCNF001,1
JCPA001,1
JCPA002,1
JCPA003,1
JCPC001,1
JCPC002,1
JCPD001,1
JCPE001,1
JCPE002,1
JCSA001,1
JCSA002,1
JCSA003,1
JCSA004,1
JCSA005,1
JDCA001,1
JDCA002,1
JDCA003,1
JDCA004,1
JDCC016,1
JDDA002,1
JDDA003,1
JDDA004,1
JDDA005,1
JDDA006,1
JDDA007,1
JDDA008,1
JDDB001,1
JDDC002,1
JDFA001,1
JDFA002,1
JDFA003,1
JDFA004,1
JDFA005,1
JDFA006,1
JDFA007,1
JDFA008,1
JDFA009,1
JDFA010,1
JDFA011,1
JDFA012,1
JDFA013,1
JDFA014,1
JDFA015,1
JDFA016,1
JDFA017,1
JDFA018,1
JDFA019,1
JDFA020,1
JDFA021,1
JDFA022,1
JDFA023,1
JDFA024,1
JDFA025,1
JDFC001,1
JDFC023,1
JDFE001,1
JDFE002,1
JDFE003,1
JDGE001,1
JDJE001,1
JDLA001,1
JDLE900,1
JDMA001,1
JDMA002,1
JDMA003,1
JDNE001,1
JDPA001,1
JDPA002,1
JDPE001,1
JDPE002,1
JDSA001,1
JDSA002,1
JDSA003,1
JDSA004,1
JDSA005,1
JDSA006,1
JDSA007,1
JDSA008,1
JDSA009,1
JDSA010,1
JDSA011,1
JDSC024,1
JEAA001,1
JECA001,1
JECA002,1
JEFA001,1
JEFA002,1
JEFA003,1
JEFA004,1
JEFA005,1
JEFA007,1
JEFA008,1
JEFA009,1
JEFA010,1
JEFA011,1
JEFA012,1
JEGA001,1
JEGA002,1
JEGA003,1
JEGA004,1
JEGA005,1
JEKA001,1
JEKA002,1
JEKA003,1
JEKA004,1
JEKA005,1
JEKA006,1
JEKA007,1
JEKA008,1
JEKA009,1
JEKA010,1
JELA001,1
JELA002,1
JELA003,1
JELA004,1
JEMA001,1
JEMA002,1
JEMA003,1
JEMA004,1
JEMA005,1
JEMA006,1
JEMA007,1
JEMA009,1
JEMA010,1
JEMA011,1
JEMA012,1
JEMA013,1
JEMA014,1
JEMA015,1
JEMA016,1
JEMA017,1
JEMA018,1
JEMA019,1
JEMA020,1
JEMA021,1
JEMA022,1
JEMA023,1
JEPA001,1
JEPA006,1
JEPA007,1
JEPD001,1
JEPD002,1
JESA001,1
JESA003,1
JESA004,1
JESA005,1
JFFA001,1
JFFA002,1
JFFA003,1
JFFA004,1
JFFA005,1
JFFA006,1
JFFA007,1
JFFA008,1
JFFA009,1
JFFA010,1
JFFA011,1
JFFA012,1
JFFA013,1
JFFA014,1
JFFA015,1
JFFA016,1
JFFA017,1
JFFA018,1
JFFA019,1
JFFA020,1
JFFA021,1
JFFA022,1
JFFC001,1
JFFC002,1
JFJA001,1
JFJC001,1
JFQA001,1
JFQC001,1
JGFA005,1
JGFA006,1
JGFA007,1
JGFA008,1
JGFA009,1
JGFA011,1
JGFA014,1
JGFA015,1
JGFA016,1
JGFC001,1
JGFC045,1
JGFE001,1
JGFE002,1
JGFE003,1
JGFE004,1
JGNE003,1
JGNJ900,1
JHAA001,1
JHAA002,1
JHAA003,1
JHAA004,1
JHAA005,1
JHBA001,1
JHCA001,1
JHCA002,1
JHCA004,1
JHCA005,1
JHCA006,1
JHCA007,1
JHDA001,1
JHEA001,1
JHEA002,1
JHEA003,1
JHEA004,1
JHEA005,1
JHEA006,1
JHEA007,1
JHEA008,1
JHEA009,1
JHEA010,1
JHEA011,1
JHEA012,1
JHFA001,1
JHFA002,1
JHFA003,1
JHFA004,1
JHFA005,1
JHFA006,1
JHFA007,1
JHFA008,1
JHFA009,1
JHFA010,1
JHFA011,1
JHFA012,1
JHFA013,1
JHFA014,1
JHFA016,1
JHFA017,1
JHFA018,1
JHFA019,1
JHFC001,1
JHGA001,1
JHGA002,1
JHGA003,1
JHJA001,1
JHKA002,1
JHKA003,1
JHKA004,1
JHLA001,1
JHLA002,1
JHLA003,1
JHLA004,1
JHLA005,1
JHMA001,1
JHMA002,1
JHMA003,1
JHMA004,1
JHMA005,1
JHMA006,1
JHMA007,1
JHMA008,1
JHMB001,1
JHPA001,1
JHPA002,1
JHPA003,1
JHQA001,1
JHQA002,1
JHQA003,1
JHSA001,1
JHSA002,1
JHSB001,1
JJCA001,1
JJCA002,1
JJCC001,1
JJEA001,1
JJEA002,1
JJEA003,1
JJEC001,1
JJEC002,1
JJEC003,1
JJFA002,1
JJFA003,1
JJFA004,1
JJFA005,1
JJFA006,1
JJFA007,1
JJFA008,1
JJFA009,1
JJFA010,1
JJFA050,1
JJFC002,1
JJFC003,1
JJFC004,1
JJFC005,1
JJFC006,1
JJFC007,1
JJFC008,1
JJFC009,1
JJFC010,1
JJFC011,1
JJFJ001,1
JJJA001,1
JJJC001,1
JJPA002,1
JJPA003,1
JJPA004,1
JJPC002,1
JJPC003,1
JJPC004,1
JJQC001,1
JKBA001,1
JKBA002,1
JKCA001,1
JKCD001,1
JKDA001,1
JKDA002,1
JKDA003,1
JKDA042,1
JKDC001,1
JKDC015,1
JKFA001,1
JKFA002,1
JKFA003,1
JKFA004,1
JKFA005,1
JKFA006,1
JKFA007,1
JKFA008,1
JKFA009,1
JKFA010,1
JKFA011,1
JKFA012,1
JKFA013,1
JKFA014,1
JKFA015,1
JKFA016,1
JKFA017,1
JKFA018,1
JKFA019,1
JKFA020,1
JKFA021,1
JKFA022,1
JKFA023,1
JKFA024,1
JKFA025,1
JKFA026,1
JKFA027,1
JKFA028,1
JKFA029,1
JKFA030,1
JKFA031,1
JKFA032,1
JKFC001,1
JKFC002,1
JKFC003,1
JKFC004,1
JKFC005,1
JKFC006,1
JKFD001,1
JKFD002,1
JKFE003,1
JKGA001,1
JKGC001,1
JKGD002,1
JKGD003,1
JKHA001,1
JKHA002,1
JKMA001,1
JKMD001,1
JKND001,1
JKND002,1
JKND003,1
JKND004,1
JKPC001,1
JKPD001,1
JKPD002,1
JKPJ002,1
JLCA001,1
JLCA002,1
JLCA003,1
JLCA004,1
JLCA005,1
JLCA006,1
JLCA007,1
JLCA008,1
JLCA009,1
JLDA001,1
JLDA002,1
JLDA003,1
JLDA004,1
JLDC015,1
JLFA002,1
JLFA003,1
JLFA004,1
JLFD001,1
JLFD002,1
JLJA002,1
JLJD001,1
JLMA001,1
JLMA002,1
JLMA003,1
JLMA004,1
JLMA005,1
JLMC001,1
JLMD001,1
JLND001,1
JLND002,1
JLSD001,1
JMBA001,1
JMCA001,1
JMCA003,1
JMCA004,1
JMCA005,1
JMCA006,1
JMDA001,1
JMEA001,1
JMEA002,1
JMFA001,1
JMFA002,1
JMFA003,1
JMFA004,1
JMFA005,1
JMFA006,1
JMFA007,1
JMFA008,1
JMFA009,1
JMFA010,1
JMMA001,1
JMMA002,1
JMMA004,1
JMMA005,1
JMPA001,1
JMPA002,1
JMPA003,1
JMPA004,1
JMPA005,1
JNCA001,1
JNCA002,1
JNFA001,1
JNJD001,1
JNJD002,1
JNMD001,1
JNPA002,1
JNPD001,1
JQGA001,1
JQGA002,1
JQGA003,1
JQGA004,1
JQGA005,1
JQGD014,1
JRGA001,1
JRGA002,1
JRGA003,1
JRGA004,1
JRGC001,1
JRPA001,1
JZMA001,1
JZMA002,1
JZMA003,1
KAFA001,1
KAFA002,1
KAFC001,1
KAFE900,1
KANB001,1
KBFA001,1
KCFA001,1
KCFA002,1
KCFA003,1
KCFA004,1
KCFA005,1
KCFA006,1
KCFA007,1
KCFA008,1
KCFA009,1
KCFA010,1
KCFA011,1
KCGA001,1
KCJA001,1
KCMA001,1
KCNL003,1
KDEA001,1
KDFA001,1
KDFA002,1
KDFA003,1
KDFC001,1
KDQA001,1
KDQA002,1
KDQA003,1
KDQC001,1
KDQC002,1
KDQC900,1
KEFA001,1
KEFA002,1
KEFC001,1
KEFC002,1
KFFA001,1
KZFA001,1
KZFC001,1
LABA001,1
LABA003,1
LABA004,1
LACA001,1
LACA002,1
LACA003,1
LACA004,1
LACA005,1
LACA006,1
LACA007,1
LACA008,1
LACA009,1
LACA010,1
LACA011,1
LACA012,1
LACA013,1
LACA014,1
LACA015,1
LACA016,1
LACA017,1
LACA018,1
LACA019,1
LACA020,1
LACB001,1
LACB002,1
LACB003,1
LAEA001,1
LAEA002,1
LAEA003,1
LAEA004,1
LAEA005,1
LAEA006,1
LAEA007,1
LAEA009,1
LAEB001,1
LAFA001,1
LAFA002,1
LAFA003,1
LAFA004,1
LAFA005,1
LAFA006,1
LAFA011,1
LAFA012,1
LAFA013,1
LAFA014,1
LAFA015,1
LAFA016,1
LAFA017,1
LAFA018,1
LAFA019,1
LAFA020,1
LAFA021,1
LAFA022,1
LAFA023,1
LAFA024,1
LAFA900,1
LAFE001,1
LAFE002,1
LAFE003,1
LAFE004,1
LAFE005,1
LAFE006,1
LAFE007,1
LAFE008,1
LAFE009,1
LAFE010,1
LAGA001,1
LAGA002,1
LAGA003,1
LAGA004,1
LAGA005,1
LAGA006,1
LAGA007,1
LAGA008,1
LAHA001,1
LAHA002,1
LALA001,1
LALA002,1
LAMA001,1
LAMA002,1
LAMA003,1
LAMA004,1
LAMA005,1
LAMA006,1
LAMA007,1
LAMA009,1
LAMA010,1
LAMA011,1
LAMA012,1
LANC001,1
LAPA001,1
LAPA002,1
LAPA003,1
LAPA004,1
LAPA005,1
LAPA006,1
LAPA007,1
LAPA008,1
LAPA009,1
LAPA010,1
LAPA011,1
LAPA012,1
LAPA013,1
LAPA014,1
LAPA015,1
LAPA016,1
LARA001,1
LARA002,1
LARA003,1
LARA004,1
LBAA001,1
LBAD001,1
LBAD002,1
LBBA003,1
LBBA004,1
LBBA005,1
LBBA006,1
LBCA001,1
LBCA002,1
LBCA003,1
LBCA004,1
LBCA005,1
LBCA006,1
LBCA007,1
LBCA008,1
LBCA009,1
LBCA010,1
LBCB001,1
LBCB002,1
LBDA001,1
LBDD001,1
LBEA001,1
LBFA001,1
LBFA002,1
LBFA003,1
LBFA004,1
LBFA005,1
LBFA006,1
LBFA007,1
LBFA008,1
LBFA009,1
LBFA010,1
LBFA011,1
LBFA012,1
LBFA013,1
LBFA014,1
LBFA015,1
LBFA016,1
LBFA017,1
LBFA018,1
LBFA019,1
LBFA020,1
LBFA022,1
LBFA024,1
LBFA025,1
LBFA026,1
LBFA027,1
LBFA028,1
LBFA029,1
LBFA030,1
LBFA031,1
LBFA032,1
LBFA033,1
LBFA034,1
LBFA035,1
LBFA036,1
LBFA037,1
LBFA038,1
LBFA039,1
LBGA001,1
LBGA002,1
LBGA003,1
LBGA004,1
LBGA005,1
LBGA006,1
LBGA007,1
LBGA008,1
LBGA009,1
LBMA001,1
LBMA002,1
LBMA003,1
LBMA004,1
LBMA006,1
LBPA001,1
LBPA002,1
LBPA003,1
LBPA004,1
LBPA005,1
LBPA006,1
LBPA007,1
LBPA008,1
LBPA009,1
LBPA010,1
LBPA011,1
LBPA012,1
LBPA013,1
LBPA014,1
LBPA015,1
LBPA016,1
LBPA017,1
LBPA018,1
LBPA019,1
LBPA020,1
LBPA021,1
LBPA022,1
LBPA023,1
LBPA024,1
LBPA025,1
LBPA026,1
LBPA027,1
LBPA028,1
LBPA029,1
LBPA030,1
LBPA031,1
LBPA032,1
LBPA033,1
LBPA034,1
LBPA035,1
LBPA036,1
LBPA037,1
LBPA038,1
LBPA039,1
LBPA040,1
LBPA041,1
LBPA042,1
LBPA043,1
LCFA001,1
LCFA002,1
LCFA003,1
LCFA004,1
LCFA005,1
LCFA006,1
LCFA007,1
LCFA008,1
LCFA009,1
LCFA010,1
LCFA011,1
LCFA012,1
LCGA002,1
LCJA002,1
LCJA003,1
LCJA004,1
LCMA001,1
LCPA001,1
LCPA002,1
LDAA001,1
LDAA002,1
LDCA001,1
LDCA002,1
LDCA003,1
LDCA004,1
LDCA005,1
LDCA006,1
LDCA007,1
LDCA008,1
LDCA009,1
LDCA010,1
LDCA011,1
LDCA012,1
LDCA013,1
LDDA001,1
LDFA001,1
LDFA002,1
LDFA003,1
LDFA004,1
LDFA005,1
LDFA006,1
LDFA007,1
LDFA008,1
LDFA009,1
LDFA010,1
LDFA011,1
LDFA012,1
LDGA001,1
LDGA002,1
LDHA001,1
LDHA002,1
LDPA001,1
LDPA002,1
LDPA003,1
LDPA004,1
LDPA005,1
LDPA006,1
LDPA007,1
LDPA008,1
LDPA009,1
LDPA010,1
LECA001,1
LECA002,1
LECA003,1
LECA004,1
LECA005,1
LECA006,1
LECC001,1
LEFA001,1
LEFA002,1
LEFA003,1
LEFA004,1
LEFA005,1
LEFA006,1
LEFA007,1
LEFA008,1
LEFA009,1
LEFA010,1
LEFA011,1
LEFA012,1
LEFA013,1
LEFA014,1
LEFC001,1
LEFC002,1
LEGA001,1
LEGA002,1
LEHA001,1
LEHA002,1
LEHA003,1
LEHC001,1
LEMA001,1
LEMA002,1
LEMA003,1
LEMA004,1
LEPA001,1
LEPA002,1
LEPA003,1
LEPA004,1
LEPA005,1
LEPA006,1
LEPA007,1
LEPA008,1
LEPA009,1
LFAA001,1
LFAA002,1
LFCA001,1
LFCA002,1
LFCA003,1
LFCA004,1
LFCA005,1
LFCC001,1
LFDA001,1
LFDA002,1
LFDA003,1
LFDA004,1
LFDA005,1
LFDA006,1
LFDA007,1
LFDA008,1
LFDA009,1
LFDA010,1
LFDA011,1
LFDA012,1
LFDA013,1
LFDA014,1
LFFA001,1
LFFA002,1
LFFA003,1
LFFA004,1
LFFA005,1
LFFA006,1
LFFA007,1
LFFA008,1
LFFA009,1
LFFA010,1
LFFA011,1
LFFA012,1
LFFA013,1
LFFA014,1
LFFC001,1
LFFC002,1
LFGA001,1
LFHA001,1
LFHC001,1
LFMA001,1
LFPA001,1
LFPA002,1
LFPA003,1
LGCA001,1
LGFA001,1
LGFA002,1
LGFA003,1
LGFA004,1
LGFA005,1
LGFA006,1
LHCA001,1
LHCA002,1
LHCA010,1
LHCA011,1
LHCA016,1
LHDA001,1
LHDA002,1
LHFA001,1
LHFA003,1
LHFA007,1
LHFA013,1
LHFA016,1
LHFA019,1
LHFA024,1
LHFA025,1
LHFA027,1
LHFA028,1
LHFA029,1
LHFA031,1
LHGA004,1
LHGA006,1
LHGA007,1
LHHA006,1
LHHA007,1
LHKA001,1
LHKA900,1
LHMA003,1
LHMA004,1
LHMA006,1
LHMA007,1
LHMA008,1
LHMA011,1
LHMA013,1
LHMA014,1
LHMA015,1
LHMA016,1
LHPA003,1
LHPA004,1
LHPA006,1
LHPA010,1
LJCA001,1
LJCA002,1
LJFA001,1
LJFA002,1
LJFA003,1
LJFA004,1
LJFA006,1
LJFA007,1
LJFA008,1
LJFA009,1
LJFA010,1
LJGA001,1
LJGA002,1
LJHA001,1
LJJA001,1
LJJA002,1
LJMA001,1
LJMA002,1
LJMA003,1
LJMA004,1
LJMA005,1
LJMA006,1
LJSA001,1
LJSA002,1
LLCA001,1
LLCA002,1
LLCA003,1
LLCA004,1
LLCA005,1
LLCC001,1
LLCC002,1
LLCC003,1
LLFA003,1
LLFA013,1
LLGA001,1
LLGA002,1
LLJA001,1
LLJA002,1
LLJA003,1
LLKA001,1
LLLA001,1
LLMA001,1
LLMA002,1
LLMA003,1
LLMA004,1
LLMA005,1
LLMA006,1
LLMA007,1
LLMA008,1
LLMA009,1
LLMA010,1
LLMC001,1
LLMC002,1
LLMC003,1
LLMC004,1
LLMC005,1
LLMC019,1
LMFA001,1
LMFA002,1
LMFA003,1
LMGA001,1
LMMA001,1
LMMA002,1
LMMA003,1
LMMA004,1
LMMA005,1
LMMA006,1
LMMA007,1
LMMA008,1
LMMA009,1
LMMA010,1
LMMA011,1
LMMA012,1
LMMA013,1
LMMA014,1
LMMA015,1
LMMA016,1
LMMA017,1
LMMA018,1
LMMA019,1
LMMC001,1
LMMC002,1
LMMC003,1
LMMC004,1
LMMC015,1
LMMC020,1
LMSA001,1
LMSA002,1
LMSA003,1
LMSA004,1
LMSA005,1
LZGA001,1
MACA001,1
MACA002,1
MACA003,1
MACA004,1
MACB001,1
MACB002,1
MAFA001,1
MAFA002,1
MAFA003,1
MAFA004,1
MAFA005,1
MAFA006,1
MAFA007,1
MAGA001,1
MAGA002,1
MAGA003,1
MAPA001,1
MAPA002,1
MAPA003,1
MBAA001,1
MBAA002,1
MBCA001,1
MBCA002,1
MBCA003,1
MBCA004,1
MBCA005,1
MBCA006,1
MBCA007,1
MBCA008,1
MBCA009,1
MBCA010,1
MBCA011,1
MBCA012,1
MBCB001,1
MBCB002,1
MBCB003,1
MBCB004,1
MBCB005,1
MBFA001,1
MBFA002,1
MBGA001,1
MBGA002,1
MBMA001,1
MBMA002,1
MBPA001,1
MBPA002,1
MBPA003,1
MBPA004,1
MBPA005,1
MBPA006,1
MCAA001,1
MCCA001,1
MCCA002,1
MCCA003,1
MCCA004,1
MCCA005,1
MCCA006,1
MCCA007,1
MCCA008,1
MCCA009,1
MCCA010,1
MCCA011,1
MCCB001,1
MCCB002,1
MCCB003,1
MCCB004,1
MCCB005,1
MCCB006,1
MCCB007,1
MCCB008,1
MCCB009,1
MCFA001,1
MCFA002,1
MCFA003,1
MCFA004,1
MCFA005,1
MCFA006,1
MCKA002,1
MCMA001,1
MCMA002,1
MCPA001,1
MCPA002,1
MCPA003,1
MCPA004,1
MCPA005,1
MCPA006,1
MCPA007,1
MCPA008,1
MCPA009,1
MCPA010,1
MCPA011,1
MCPA012,1
MCPA013,1
MCPA014,1
MDAA001,1
MDAA002,1
MDCA001,1
MDCA002,1
MDCA003,1
MDCA004,1
MDCA005,1
MDCA006,1
MDCA007,1
MDCA008,1
MDCA009,1
MDCA010,1
MDCA011,1
MDCA012,1
MDCA013,1
MDCA014,1
MDCB001,1
MDCB002,1
MDCB003,1
MDCB004,1
MDCB005,1
MDDA001,1
MDEA001,1
MDEA002,1
MDEA003,1
MDEA004,1
MDFA001,1
MDFA002,1
MDFA003,1
MDFA004,1
MDFA005,1
MDFA006,1
MDFA007,1
MDGA001,1
MDGA002,1
MDGA003,1
MDGA004,1
MDGA005,1
MDHA001,1
MDMA001,1
MDPA001,1
MDPA002,1
MDPA003,1
MDPA004,1
MDPA005,1
MEDA001,1
MEEA001,1
MEEA002,1
MEEA003,1
MEEA004,1
MEFA001,1
MEFA003,1
MEFA004,1
MEFC001,1
MEFC002,1
MEGA001,1
MEGA002,1
MEJA001,1
MEJC001,1
MEKA001,1
MEKA002,1
MEKA003,1
MEKA004,1
MEKA005,1
MEKA006,1
MEKA007,1
MEKA008,1
MEKA009,1
MEKA010,1
MELA001,1
MEMA001,1
MEMA003,1
MEMA005,1
MEMA006,1
MEMA008,1
MEMA009,1
MEMA011,1
MEMA012,1
MEMA014,1
MEMA015,1
MEMA016,1
MEMA017,1
MEMA018,1
MEMC001,1
MEMC002,1
MEMC003,1
MEMC004,1
MEMC005,1
MEPA001,1
MEPC001,1
MEQC001,1
MEQC002,1
MFCA001,1
MFDA001,1
MFDA002,1
MFEA001,1
MFEA002,1
MFEA003,1
MFEB001,1
MFFA001,1
MFFA002,1
MFFA003,1
MFFC001,1
MFGA001,1
MFJA001,1
MFJC001,1
MFKA001,1
MFKA002,1
MFKA003,1
MFMA001,1
MFMA003,1
MFMA005,1
MFPA001,1
MFPA002,1
MFPA003,1
MFPC001,1
MFQC001,1
MGCA001,1
MGCC001,1
MGDA001,1
MGDA002,1
MGEA001,1
MGEA002,1
MGFA001,1
MGFA002,1
MGFA003,1
MGFA004,1
MGFA005,1
MGFA006,1
MGFA007,1
MGFC001,1
MGFC002,1
MGFC003,1
MGGA001,1
MGGA002,1
MGJA001,1
MGJC001,1
MGKA001,1
MGKA002,1
MGKA003,1
MGMA002,1
MGMA003,1
MGMA004,1
MGMA005,1
MGMA006,1
MGPA001,1
MGQC001,1
MHCA001,1
MHCA002,1
MHCA003,1
MHDA001,1
MHDA002,1
MHDA003,1
MHDA004,1
MHDA005,1
MHDB001,1
MHEA001,1
MHEA002,1
MHEA003,1
MHEA004,1
MHFA001,1
MHFA002,1
MHFA003,1
MHJA001,1
MHMA001,1
MHMA002,1
MHMA003,1
MHMA004,1
MHMA005,1
MHPA001,1
MHPA002,1
MHPA003,1
MHPA004,1
MJAA001,1
MJAA002,1
MJCA001,1
MJCA002,1
MJCA003,1
MJCA005,1
MJCA006,1
MJCA007,1
MJCA008,1
MJCA010,1
MJCA012,1
MJDA001,1
MJDC001,1
MJEA001,1
MJEA002,1
MJEA003,1
MJEA004,1
MJEA005,1
MJEA006,1
MJEA007,1
MJEA008,1
MJEA009,1
MJEA010,1
MJEA011,1
MJEA012,1
MJEA013,1
MJEA014,1
MJEA015,1
MJEA016,1
MJEA017,1
MJEA018,1
MJEA019,1
MJEA020,1
MJEA021,1
MJEC001,1
MJEC002,1
MJFA001,1
MJFA002,1
MJFA004,1
MJFA005,1
MJFA006,1
MJFA007,1
MJFA008,1
MJFA009,1
MJFA010,1
MJFA011,1
MJFA012,1
MJFA013,1
MJFA014,1
MJFA015,1
MJFA016,1
MJFA017,1
MJFA018,1
MJFC001,1
MJGA001,1
MJJA001,1
MJJA002,1
MJJA003,1
MJJA004,1
MJMA002,1
MJMA003,1
MJMA006,1
MJMA009,1
MJMA010,1
MJMA012,1
MJMA013,1
MJMA014,1
MJMA015,1
MJMA016,1
MJPA001,1
MJPA002,1
MJPA003,1
MJPA004,1
MJPA005,1
MJPA006,1
MJPA007,1
MJPA008,1
MJPA009,1
MJPA011,1
MJPA012,1
MJPA013,1
MJPA014,1
MJPB001,1
MZEA001,1
MZEA002,1
MZEA003,1
MZEA004,1
MZEA005,1
MZEA006,1
MZEA007,1
MZEA008,1
MZEA009,1
MZEA010,1
MZEA011,1
MZEA012,1
MZFA001,1
MZFA002,1
MZFA003,1
MZFA004,1
MZFA005,1
MZFA006,1
MZFA007,1
MZFA008,1
MZFA009,1
MZFA010,1
MZFA011,1
MZFA012,1
MZFA013,1
MZFA014,1
MZFA015,1
MZGA003,1
MZGA004,1
MZHA001,1
MZMA001,1
MZMA002,1
MZMA003,1
MZMA004,1
MZPA002,1
NACA001,1
NACA002,1
NACA003,1
NACA004,1
NACA005,1
NACB001,1
NADA001,1
NADA002,1
NADA003,1
NADA004,1
NADA005,1
NADA006,1
NADA007,1
NAFA001,1
NAFA002,1
NAFA003,1
NAFA004,1
NAFA006,1
NAGA001,1
NAGA002,1
NAGA003,1
NAHA001,1
NAHA002,1
NAMA002,1
NAPA001,1
NAPA002,1
NAPA003,1
NAPA004,1
NAPA005,1
NAPA006,1
NAPA007,1
NAPA008,1
NBAA001,1
NBAA002,1
NBAA003,1
NBAA004,1
NBAA005,1
NBAA006,1
NBCA001,1
NBCA002,1
NBCA003,1
NBCA004,1
NBCA005,1
NBCA006,1
NBCA007,1
NBCA008,1
NBCA009,1
NBCA010,1
NBCA011,1
NBCA012,1
NBCA013,1
NBCA014,1
NBCA015,1
NBCB001,1
NBCB002,1
NBCB003,1
NBCB004,1
NBCB005,1
NBCB006,1
NBDA002,1
NBDA003,1
NBDA004,1
NBDA013,1
NBFA001,1
NBFA002,1
NBFA003,1
NBFA004,1
NBFA005,1
NBFA006,1
NBFA007,1
NBFA008,1
NBFA009,1
NBGA001,1
NBGA002,1
NBGA003,1
NBGA004,1
NBGA005,1
NBGA006,1
NBGA007,1
NBGA008,1
NBGA009,1
NBGA010,1
NBGA015,1
NBMA001,1
NBMA002,1
NBMA003,1
NBPA001,1
NBPA002,1
NBPA003,1
NBPA004,1
NBPA005,1
NBPA006,1
NBPA007,1
NBPA008,1
NBPA009,1
NBPA010,1
NBPA011,1
NBPA012,1
NBPA013,1
NBPA014,1
NBPA015,1
NBPA016,1
NBPA017,1
NBPA018,1
NBPA019,1
NBPA020,1
NCCA001,1
NCCA002,1
NCCA003,1
NCCA004,1
NCCA005,1
NCCA006,1
NCCA007,1
NCCA008,1
NCCA009,1
NCCA010,1
NCCA011,1
NCCA012,1
NCCA013,1
NCCA014,1
NCCA015,1
NCCA016,1
NCCA017,1
NCCA018,1
NCCA019,1
NCCB001,1
NCCB002,1
NCCB003,1
NCCB004,1
NCCB005,1
NCCB006,1
NCCB007,1
NCCC001,1
NCEA001,1
NCFA001,1
NCFA002,1
NCFA003,1
NCFA004,1
NCFA005,1
NCFA006,1
NCFA007,1
NCFA008,1
NCFA009,1
NCGA001,1
NCGA002,1
NCMA001,1
NCMA002,1
NCPA001,1
NCPA002,1
NCPA003,1
NCPA004,1
NCPA005,1
NCPA006,1
NCPA007,1
NCPA008,1
NCPA009,1
NCPA010,1
NCPA011,1
NCPA012,1
NCPA013,1
NCPA014,1
NCPA015,1
NCPA016,1
NDAA001,1
NDAA002,1
NDCA001,1
NDCA002,1
NDCA003,1
NDCA004,1
NDCA005,1
NDCA006,1
NDCB001,1
NDCB002,1
NDCB003,1
NDCB004,1
NDDA001,1
NDDC001,1
NDEA002,1
NDFA001,1
NDFA002,1
NDFA003,1
NDFA004,1
NDFA005,1
NDFA006,1
NDFA007,1
NDFA008,1
NDFA009,1
NDFA010,1
NDGA001,1
NDGA002,1
NDGA003,1
NDMA001,1
NDPA001,1
NDPA002,1
NDPA003,1
NDPA004,1
NDPA005,1
NDPA006,1
NDPA007,1
NDPA008,1
NDPA009,1
NDPA010,1
NDPA011,1
NDPA012,1
NDPA013,1
NDPA014,1
NEDA001,1
NEDA002,1
NEDA003,1
NEEA001,1
NEEA002,1
NEEA003,1
NEEA004,1
NEFA001,1
NEFA002,1
NEFA003,1
NEFA004,1
NEFC001,1
NEGA001,1
NEGA002,1
NEGA003,1
NEGA004,1
NEGA005,1
NEHA001,1
NEHA002,1
NEJA001,1
NEJA002,1
NEJA003,1
NEJA004,1
NEJC001,1
NEKA001,1
NEKA002,1
NEKA003,1
NEKA004,1
NEKA005,1
NEKA006,1
NEKA007,1
NEKA008,1
NEKA009,1
NEKA010,1
NEKA011,1
NEKA012,1
NEKA013,1
NEKA014,1
NEKA015,1
NEKA016,1
NEKA017,1
NEKA018,1
NEKA019,1
NEKA020,1
NEKA021,1
NEKA022,1
NELA001,1
NELA002,1
NELA003,1
NEMA002,1
NEMA003,1
NEMA011,1
NEMA013,1
NEMA017,1
NEMA018,1
NEMA019,1
NEMA020,1
NEMA021,1
NEPA001,1
NEQC001,1
NFCA001,1
NFCA002,1
NFCA003,1
NFCA004,1
NFCA005,1
NFCA006,1
NFCC001,1
NFCC002,1
NFDA002,1
NFDA003,1
NFDA009,1
NFDC001,1
NFEA001,1
NFEA002,1
NFEC001,1
NFEC002,1
NFFA001,1
NFFA002,1
NFFA003,1
NFFA004,1
NFFA005,1
NFFA006,1
NFFC001,1
NFFC002,1
NFFC003,1
NFFC004,1
NFGA001,1
NFGA002,1
NFJA001,1
NFJA002,1
NFJC001,1
NFJC002,1
NFKA001,1
NFKA002,1
NFKA003,1
NFKA004,1
NFKA005,1
NFKA006,1
NFKA007,1
NFKA008,1
NFKA009,1
NFLA001,1
NFLA002,1
NFMA002,1
NFMA004,1
NFMA005,1
NFMA006,1
NFMA007,1
NFMA008,1
NFMA010,1
NFMA011,1
NFMA013,1
NFMC001,1
NFMC002,1
NFMC003,1
NFMC004,1
NFMC005,1
NFPA001,1
NFPA002,1
NFPA003,1
NFPA004,1
NFPC001,1
NFPC002,1
NFQC001,1
NGCA001,1
NGDA001,1
NGDA002,1
NGDA003,1
NGDA004,1
NGDC001,1
NGEA001,1
NGFA001,1
NGFA002,1
NGGA001,1
NGGA002,1
NGJA001,1
NGJA002,1
NGJC001,1
NGJC002,1
NGKA001,1
NGMA001,1
NGPA001,1
NGPA002,1
NGPA003,1
NGPC001,1
NGQC001,1
NHDA001,1
NHDA002,1
NHDA003,1
NHDA004,1
NHDA005,1
NHDA006,1
NHDA007,1
NHDA008,1
NHDA009,1
NHDA010,1
NHDA011,1
NHFA001,1
NHKA001,1
NHMA001,1
NHMA002,1
NHMA003,1
NHMA006,1
NHMA007,1
NHMA008,1
NHPA001,1
NHPA002,1
NHPA003,1
NHPA004,1
NHPA005,1
NHPA006,1
NJAA001,1
NJAA002,1
NJAA003,1
NJAA004,1
NJBA001,1
NJBA002,1
NJCA001,1
NJEA001,1
NJEA002,1
NJEA003,1
NJEA004,1
NJEA005,1
NJEA006,1
NJEA007,1
NJEA008,1
NJEA009,1
NJEA010,1
NJEA011,1
NJEA012,1
NJFA001,1
NJFA002,1
NJFA003,1
NJFA004,1
NJFA005,1
NJFA006,1
NJFA008,1
NJFA009,1
NJMA001,1
NJMA002,1
NJMA003,1
NJMA004,1
NJMA005,1
NJMA006,1
NJMA007,1
NJMB001,1
NJPA001,1
NJPA002,1
NJPA003,1
NJPA004,1
NJPA005,1
NJPA006,1
NJPA007,1
NJPA008,1
NJPA009,1
NJPA010,1
NJPA011,1
NJPA012,1
NJPA013,1
NJPA014,1
NJPA015,1
NJPA016,1
NJPA017,1
NJPA018,1
NJPA019,1
NJPA020,1
NJPA021,1
NJPA022,1
NJPA023,1
NJPA024,1
NJPA025,1
NJPA026,1
NJPA027,1
NJPA028,1
NJPA029,1
NJPA030,1
NJPA031,1
NJPA032,1
NJPA033,1
NJPA034,1
NJPA035,1
NJPA036,1
NZEA001,1
NZEA002,1
NZEA003,1
NZEA004,1
NZEA005,1
NZEA006,1
NZEA007,1
NZFA001,1
NZFA002,1
NZFA003,1
NZFA004,1
NZFA005,1
NZFA006,1
NZFA007,1
NZFA008,1
NZFA009,1
NZFA010,1
NZFA011,1
NZFA012,1
NZFA013,1
NZHA001,1
NZMA001,1
NZMA002,1
PACA001,1
PACC001,1
PADA001,1
PADA002,1
PADA003,1
PAFA005,1
PAFA007,1
PAGA001,1
PAGA002,1
PAGA003,1
PAGA004,1
PAGA005,1
PAGA006,1
PAGA007,1
PAGA008,1
PAGA009,1
PAGA010,1
PAGA011,1
PAKB002,1
PAPA001,1
PAPA002,1
PAPA003,1
PCCA001,1
PCCA002,1
PCDA001,1
PCEA001,1
PCEA002,1
PCEA003,1
PCEA004,1
PCMA001,1
PCPA001,1
PCPA002,1
PCPA003,1
PCPA004,1
PCPA005,1
PCPA006,1
PDFA001,1
PDFA002,1
PDFA003,1
PDHA001,1
PZMA001,1
PZMA002,1
PZMA003,1
PZMA004,1
PZMA005,1
QAEA002,1
QAEA003,1
QAEA004,1
QAEA006,1
QAEA008,1
QAEA009,1
QAEA010,1
QAEA011,1
QAEA012,1
QAEA013,1
QAEA014,1
QAEA015,1
QAFA002,1
QAFA003,1
QAFA004,1
QAFA005,1
QAFA006,1
QAFA007,1
QAFA008,1
QAFA009,1
QAFA010,1
QAGA001,1
QAGA004,1
QAJA003,1
QAMA001,1
QAMA002,1
QAMA003,1
QAMA004,1
QAMA005,1
QAMA006,1
QAMA007,1
QAMA008,1
QAMA009,1
QAMA010,1
QAMA011,1
QAMA012,1
QAMA013,1
QAMA014,1
QAMA015,1
QAMA016,1
QAMC001,1
QAPA001,1
QAPA002,1
QBFA001,1
QBFA002,1
QBFA003,1
QBFA004,1
QBFA005,1
QBFA006,1
QBFA007,1
QBFA008,1
QBFA009,1
QBFA010,1
QBFA011,1
QBFA012,1
QBFA013,1
QBFA014,1
QBPA001,1
QCEA001,1
QCEA002,1
QCEA003,1
QCEA004,1
QCEA005,1
QCEA006,1
QCFA001,1
QCFA002,1
QCFA003,1
QCFA004,1
QCFA005,1
QCFA006,1
QDPA001,1
QEBA001,1
QEDA001,1
QEDA002,1
QEDA003,1
QEDA004,1
QEEA001,1
QEEA002,1
QEEA003,1
QEFA001,1
QEFA002,1
QEFA003,1
QEFA004,1
QEFA005,1
QEFA006,1
QEFA007,1
QEFA008,1
QEFA009,1
QEFA010,1
QEFA011,1
QEFA012,1
QEFA013,1
QEFA014,1
QEFA015,1
QEFA016,1
QEFA017,1
QEFA018,1
QEFA019,1
QEFA020,1
QEGA001,1
QEGA002,1
QEGA003,1
QEGA004,1
QEHA002,1
QEKA001,1
QEKA002,1
QEMA001,1
QEMA002,1
QEMA003,1
QEMA004,1
QEMA005,1
QEMA006,1
QEMA007,1
QEMA008,1
QEMA009,1
QEMA010,1
QEMA011,1
QEMA012,1
QEMA013,1
QEMA014,1
QEPA001,1
QZBA001,1
QZBA002,1
QZBB001,1
QZEA001,1
QZEA002,1
QZEA003,1
QZEA004,1
QZEA005,1
QZEA006,1
QZEA010,1
QZEA011,1
QZEA012,1
QZEA013,1
QZEA014,1
QZEA016,1
QZEA017,1
QZEA019,1
QZEA020,1
QZEA021,1
QZEA022,1
QZEA023,1
QZEA024,1
QZEA025,1
QZEA026,1
QZEA027,1
QZEA028,1
QZEA029,1
QZEA030,1
QZEA031,1
QZEA032,1
QZEA033,1
QZEA036,1
QZEA037,1
QZEA038,1
QZEA039,1
QZEA040,1
QZEA041,1
QZEA042,1
QZEA043,1
QZEA044,1
QZEA045,1
QZFA001,1
QZFA002,1
QZFA003,1
QZFA004,1
QZFA005,1
QZFA006,1
QZFA007,1
QZFA008,1
QZFA009,1
QZFA011,1
QZFA012,1
QZFA014,1
QZFA016,1
QZFA017,1
QZFA018,1
QZFA019,1
QZFA023,1
QZFA024,1
QZFA025,1
QZFA026,1
QZFA027,1
QZFA030,1
QZFA031,1
QZFA032,1
QZFA033,1
QZFA034,1
QZFA035,1
QZFA036,1
QZFA037,1
QZFA038,1
QZGA001,1
QZGA003,1
QZGA005,1
QZGA006,1
QZGA008,1
QZGP001,1
QZGP002,1
QZGP004,1
QZGP006,1
QZGP007,1
QZGP009,1
QZJA011,1
QZKA001,1
QZKA004,1
QZKA007,1
QZLA001,1
QZLA002,1
QZLA003,1
QZLA005,1
QZLB001,1
QZMA001,1
QZMA002,1
QZMA003,1
QZMA004,1
QZMA005,1
QZMA006,1
QZMA007,1
QZMA008,1
QZMA009,1
QZMA010,1
QZPA001,1
QZPA002,1
QZPA003,1
QZPA005,1
QZPA006,1
QZPA007,1
QZPA008,1
QZQA001,1
ZAQA001,1
ZBGA001,1
ZBGC001,1
ZBQA001,1
ZBQA002,1
ZBQC001,1
ZBQC002,1
ZBSA001,1
ZCJA001,1
ZCJA002,1
ZCJA003,1
ZCJA004,1
ZCJA005,1
ZCJC001,1
ZCQA001,1
ZCQC001,1
ZCQC002,1
ZZGA001,1
ZZKA001,1
ZZKA002,1
